Titulo;Fecha;Categoria;Título del archivo;Url
Publican ley que establece 14 principios que se deberán cumplir en las próximas elecciones;2023_06_04;politica;2023_06_04-Publicanleyqueestablece14principiosquesedeberncumplirenlasprximaselecciones;https://elcomercio.pe//politica/publican-ley-que-establece-14-principios-que-se-deberan-cumplir-en-las-proximas-elecciones-ultimas-noticia/
“En el contexto global, el Perú en estos momentos está paralizado”;2023_06_04;politica;2023_06_04-EnelcontextoglobalelPerenestosmomentosestparalizado;https://elcomercio.pe//politica/francisco-tudela-en-el-contexto-global-el-peru-en-estos-momentos-esta-paralizado-cumbre-presidencial-lula-da-silva-alberto-otarola-1-noticia/
Mauricio contra Sada. Crónica de Fernando Vivas con revelaciones del entorno de Mauricio Fernandini;2023_06_04;politica;2023_06_04-MauriciocontraSadaCrnicadeFernandoVivasconrevelacionesdelentornodeMauricioFernandini;https://elcomercio.pe//politica/actualidad/mauricio-fernandini-contra-sada-goray-cronica-fernando-vivas-salatiel-marrufo-pilar-tijero-mivivienda-organizacion-criminal-confesion-salatiel-marrufo-noticia/
César Hinostroza: el exjuez sin paradero conocido por el que recién se ofrece una recompensa de S/150 mil ;2023_06_04;politica;2023_06_04-CsarHinostrozaelexjuezsinparaderoconocidoporelquerecinseofreceunarecompensadeS150mil;https://elcomercio.pe//politica/actualidad/cesar-hinostroza-el-exjuez-sin-paradero-conocido-por-el-que-recien-se-ofrece-una-recompensa-de-s150-mil-espana-cuellos-blancos-del-puerto-fiscalia-ministerio-publico-poder-judicial-extradicion-noticia/
Defensor del Pueblo registra llamadas con investigados por el Caso ‘Gabinete en la Sombra’;2023_06_04;politica;2023_06_04-DefensordelPuebloregistrallamadasconinvestigadosporelCasoGabineteenlaSombra;https://elcomercio.pe//politica/congreso/defensor-del-pueblo-registra-llamadas-con-investigados-por-el-caso-gabinete-en-la-sombra-pedro-castillo-biberto-castillo-organizacion-criminal-noticia/
IRTP en la mira de los gobiernos de turno: Las intromisiones políticas en TV Perú;2023_06_04;politica;2023_06_04-IRTPenlamiradelosgobiernosdeturnoLasintromisionespolticasenTVPer;https://elcomercio.pe//politica/irtp-en-la-mira-de-los-gobiernos-de-turno-las-intromisiones-politicas-en-tv-peru-de-la-destitucion-de-coya-a-la-renuncia-de-solari-las-intromisiones-politicas-en-el-canal-del-estado-dina-boluarte-pedro-castillo-tv-peru-radio-nacional-noticia/
Recorte de sueldos en el Congreso: ¿quiénes serán los primeros sancionados y por qué demoran tanto las investigaciones?;2023_06_04;politica;2023_06_04-RecortedesueldosenelCongresoquinessernlosprimerossancionadosyporqudemorantantolasinvestigaciones;https://elcomercio.pe//politica/congreso/recorte-de-sueldos-en-el-congreso-quienes-seran-los-primeros-sancionados-y-por-que-demoran-tantos-las-investigaciones-magaly-ruiz-rosio-torres-maria-cordero-edgar-tello-heidy-juarez-maria-acuna-katy-ugarte-hilda-portero-jose-arriola-noticia/
“Los delatores”, la columna de Héctor Villalobos;2023_06_04;politica;2023_06_04-LosdelatoreslacolumnadeHctorVillalobos;https://elcomercio.pe//politica/opinion/los-delatores-la-columna-de-hector-villalobos-opinion-pedro-castillo-noticia/
El defensor se defiende. Crónica de Fernando Vivas sobre un encuentro con Josué Gutiérrez;2023_06_04;politica;2023_06_04-EldefensorsedefiendeCrnicadeFernandoVivassobreunencuentroconJosuGutirrez;https://elcomercio.pe//politica/actualidad/el-defensor-se-defiende-cronica-de-fernando-vivas-sobre-un-encuentro-con-josue-gutierrez-congreso-defensoria-vladimir-cerron-dina-boluarte-peru-libre-congreso-noticia/
Congreso vuelve a publicar informes de viajes de congresistas al extranjero luego de siete meses;2023_06_04;politica;2023_06_04-Congresovuelveapublicarinformesdeviajesdecongresistasalextranjeroluegodesietemeses;https://elcomercio.pe//politica/congreso/congreso-vuelve-a-publicar-informes-de-viajes-de-congresistas-al-extranjero-luego-de-siete-meses-noticia/
Comisión de Ética verá denuncias de oficio contra Digna Calle y Edgar Tello este lunes 5 de junio;2023_06_04;politica;2023_06_04-ComisindeticaverdenunciasdeoficiocontraDignaCalleyEdgarTelloestelunes5dejunio;https://elcomercio.pe//politica/congreso/comision-de-etica-vera-denuncias-de-oficio-contra-digna-calle-y-edgar-tello-este-lunes-5-de-junio-congreso-katy-ugarte-rosio-torres-ultimas-noticia/
Congreso conocía desde hace dos semanas denuncia de hostigamiento contra Edgar Tello, pero no hizo nada;2023_06_04;politica;2023_06_04-CongresoconocadesdehacedossemanasdenunciadehostigamientocontraEdgarTelloperonohizonada;https://elcomercio.pe//politica/congreso/trabajadora-denuncio-ante-el-congreso-hostigamiento-de-edgar-tello-hace-dos-semanas-noticia/
Al menos 18 colaboradores eficaces admiten actos ilícitos en gestión de Pedro Castillo: ¿qué se sabe sobre sus testimonios?;2023_06_04;politica;2023_06_04-Almenos18colaboradoreseficacesadmitenactosilcitosengestindePedroCastilloqusesabesobresustestimonios;https://elcomercio.pe//politica/justicia/pedro-castillo1-casos-vinculados-al-expresidente-suman-al-menos-18-colaboradores-eficaces-sobre-que-han-declarado-noticia/
Keiko Fujimori a juicio oral: el largo proceso por el Caso Cocteles llega a su etapa principal;2023_06_04;politica;2023_06_04-KeikoFujimoriajuiciooralellargoprocesoporelCasoCoctelesllegaasuetapaprincipal;https://elcomercio.pe//politica/actualidad/keiko-fujimori-a-juicio-oral-el-largo-proceso-por-el-caso-cocteles-llega-a-su-etapa-principal-impedimento-de-salida-del-pais-mark-vito-vilanella-equipo-especial-jose-domingo-perez-noticia/
“Hay una decisión de la presidenta de controlar los contenidos de TV Perú y Radio Nacional”;2023_06_04;politica;2023_06_04-HayunadecisindelapresidentadecontrolarloscontenidosdeTVPeryRadioNacional;https://elcomercio.pe//politica/gobierno/hugo-coya-hay-una-decision-de-la-presidenta-de-controlar-los-contenidos-de-tv-peru-y-radio-nacional-entrevista-ninoska-chandia-dina-boluarte-instituto-de-radio-y-television-del-peru-tv-peru-radio-nacional-noticia/
Dina Boluarte y TV Perú: ¿quién es la nueva presidenta del IRTP y por qué su nombramiento genera preocupación?;2023_06_04;politica;2023_06_04-DinaBoluarteyTVPerquineslanuevapresidentadelIRTPyporqusunombramientogenerapreocupacin;https://elcomercio.pe//politica/quien-es-ninoska-chandia-la-nueva-presidenta-del-irtp-que-antes-laboro-en-despacho-de-dina-boluarte-tv-peru-ipe-radio-nacional-noticia/
Cancelan carnet migratorio a ‘El Español’ por irregularidades;2023_06_04;politica;2023_06_04-CancelancarnetmigratorioaElEspaolporirregularidades;https://elcomercio.pe//politica/justicia/cancelan-carnet-migratorio-a-el-espanol-por-irregularidades-jorge-hernandez-pedro-castillo-noticia/
¿Quién ganó las Elecciones Locales del 2023 en México? Resultados del INE para Edomex y Coahuila;2023_06_04;mundo;2023_06_04-QuinganlasEleccionesLocalesdel2023enMxicoResultadosdelINEparaEdomexyCoahuila;https://elcomercio.pe//mundo/latinoamerica/quien-gano-en-vivo-las-elecciones-locales-2023-de-mexico-en-edomex-y-coahuila-via-resultados-electorales-ine-video-tdex-noticia/
El nuevo juicio por extremismo y nazismo contra el mayor enemigo de Putin que se castiga con décadas de cárcel;2023_06_04;mundo;2023_06_04-ElnuevojuicioporextremismoynazismocontraelmayorenemigodePutinquesecastigacondcadasdecrcel;https://elcomercio.pe//mundo/europa/alexei-navalny-el-juicio-por-extremismo-y-nazismo-contra-el-mayor-enemigo-de-vladimir-putin-que-se-castiga-con-hasta-30-anos-de-carcel-rusia-noticia/
Crucero es azotado por tormenta, casi queda a la deriva y pasajeros graban el pánico a bordo;2023_06_04;mundo;2023_06_04-Cruceroesazotadoportormentacasiquedaaladerivaypasajerosgrabanelpnicoabordo;https://elcomercio.pe//mundo/eeuu/estados-unidos-crucero-carnival-sunshine-es-azotado-por-tormenta-casi-queda-a-la-deriva-y-pasajeros-graban-el-panico-a-bordo-narracion-historias-ec-nnda-nnrt-noticia/
Sentía mucho dolor, los médicos no pudieron diagnosticarla y cuando descubrieron la verdad ya era tarde;2023_06_04;mundo;2023_06_04-Sentamuchodolorlosmdicosnopudierondiagnosticarlaycuandodescubrieronlaverdadyaeratarde;https://elcomercio.pe//mundo/europa/olivia-maunder-inglaterra-sentia-fuertes-dolores-los-medicos-confundieron-el-diagnostico-y-cuando-dieron-con-la-verdad-ya-era-tarde-reino-unido-sarcoma-de-ewing-narracion-historias-ec-noticia/
Aviones militares de EE.UU. interceptaron el aparato estrellado cerca de Washington;2023_06_04;mundo;2023_06_04-AvionesmilitaresdeEEUUinterceptaronelaparatoestrelladocercadeWashington;https://elcomercio.pe//mundo/eeuu/estados-unidos-aviones-militares-interceptaron-el-aparato-estrellado-cerca-de-washington-norteamerica-eeuu-f-16-ultimas-noticia/
Volcán Popocatépetl EN VIVO: aletas volcánicas y ultimas noticias del domingo 4 de junio;2023_06_04;mundo;2023_06_04-VolcnPopocatpetlENVIVOaletasvolcnicasyultimasnoticiasdeldomingo4dejunio;https://elcomercio.pe//mundo/mexico/volcan-popocatepetl-hoy-en-vivo-revisa-las-ultimas-noticias-y-alertas-de-erupciones-rutas-de-evacuacion-y-ceniza-volcanica-mexico-puebla-cenizas-erupciones-volcanes-webcam-en-directo-lbposting-noticia/
Estuvo en la bancarrota, comenzó un nuevo negocio y ahora es dueño de una empresa que vale millones de dólares;2023_06_04;mundo;2023_06_04-Estuvoenlabancarrotacomenzunnuevonegocioyahoraesdueodeunaempresaquevalemillonesdedlares;https://elcomercio.pe//mundo/europa/reino-unido-estuvo-en-la-bancarrota-comenzo-nuevo-negocio-ahora-es-dueno-de-empresa-que-vale-millones-narracion-historias-ec-nnda-nnrt-noticia/
Una joven que pasó 10 años en campamentos de refugiados se gradúa con honores y obtiene US$240.000 en becas;2023_06_04;mundo;2023_06_04-Unajovenquepas10aosencampamentosderefugiadossegradaconhonoresyobtieneUS240000enbecas;https://elcomercio.pe//mundo/eeuu/viral-juliane-lukambo-joven-que-paso-10-anos-en-campamentos-de-refugiados-se-gradua-con-honores-y-obtiene-us240000-en-becas-estados-unidos-juliane-lukambo-narracion-historias-ec-nnda-nnni-noticia/
Cuál es el origen del mito de las sirenas (y cuándo comenzaron a tener cola de pez);2023_06_04;mundo;2023_06_04-Culeselorigendelmitodelassirenasycundocomenzaronatenercoladepez;https://elcomercio.pe//mundo/actualidad/la-sirenita-cual-es-el-origen-del-mito-de-las-sirenas-y-cuando-comenzaron-a-tener-cola-de-pez-hans-christian-andersen-narracion-historias-ec-noticia/
El hombre cuya modesta casa quedó atrapada en una de las más lujosas construcciones de Miami porque se negó a venderla;2023_06_04;mundo;2023_06_04-ElhombrecuyamodestacasaquedatrapadaenunadelasmslujosasconstruccionesdeMiamiporquesenegavenderla;https://elcomercio.pe//mundo/eeuu/orlando-capote-el-hombre-cuya-modesta-casa-quedo-atrapada-en-una-de-las-mas-lujosas-construcciones-de-miami-porque-se-nego-a-venderla-estados-unidos-florida-narracion-historias-ec-noticia/
El extraño santuario de Madeleine McCann hallado por una pareja en Portugal, cerca de donde desapareció la niña;2023_06_04;mundo;2023_06_04-ElextraosantuariodeMadeleineMcCannhalladoporunaparejaenPortugalcercadedondedesaparecilania;https://elcomercio.pe//mundo/europa/madeleine-mccann-el-extrano-santuario-de-la-nina-hallado-por-una-pareja-en-portugal-cerca-de-donde-desaparecio-reino-unido-narracion-historias-ec-noticia/
Buque militar chino maniobró peligrosamente a solo 137 metros de un destructor de EE.UU. cerca de Taiwán;2023_06_04;mundo;2023_06_04-Buquemilitarchinomaniobrpeligrosamenteasolo137metrosdeundestructordeEEUUcercadeTaiwn;https://elcomercio.pe//mundo/asia/un-buque-militar-de-china-maniobro-peligrosamente-cerca-a-un-destructor-de-estados-unidos-cerca-a-taiwan-uss-chung-hoon-hmcs-montreal-xi-jinping-tsai-ing-wen-canada-shi-yi-ultimas-noticia/
Gobernador Bélgorod llama a abandonar sus casas a residentes en la frontera con Ucrania;2023_06_04;mundo;2023_06_04-GobernadorBlgorodllamaaabandonarsuscasasaresidentesenlafronteraconUcrania;https://elcomercio.pe//mundo/europa/guerra-rusia-ucrania-gobernador-belgorod-llama-a-abandonar-sus-casas-a-residentes-en-la-frontera-con-kiev-viacheslav-gladkov-shebekino-volokonovski-novaya-tovolzhanka-bezliudovka-ultimas-noticia/
Un Ecuador en crisis y con miedo se alista para sus nuevas elecciones;2023_06_04;mundo;2023_06_04-UnEcuadorencrisisyconmiedosealistaparasusnuevaselecciones;https://elcomercio.pe//mundo/latinoamerica/un-ecuador-en-crisis-y-con-miedo-se-alista-para-sus-nuevas-elecciones-guillermo-lasso-rafael-correa-asamblea-nacional-noticia/
Los parlamentos de América Latina promovieron 26 juicios políticos en 32 años: ¿por qué tanta inestabilidad? ;2023_06_04;mundo;2023_06_04-LosparlamentosdeAmricaLatinapromovieron26juiciospolticosen32aosporqutantainestabilidad;https://elcomercio.pe//ecdata/america-latina-los-parlamentos-de-la-region-promovieron-26-juicios-politicos-en-32-anos-por-que-tanta-inestabilidad-politica-ecdata-muerte-cruzada-ecuador-noticia/
Suecia ha implementado el acuerdo con Turquía para entrar en la OTAN, asegura Stoltenberg;2023_06_04;mundo;2023_06_04-SueciahaimplementadoelacuerdoconTurquaparaentrarenlaOTANaseguraStoltenberg;https://elcomercio.pe//mundo/europa/suecia-ha-implementado-el-acuerdo-con-turquia-para-entrar-en-la-otan-asegura-jens-stoltenberg-finlandia-recep-tayyip-erdogan-vilna-hungria-ucrania-ultimas-noticia/
Las candidatas al Estado de México llaman a ciudadanía a ejercer el voto;2023_06_04;mundo;2023_06_04-LascandidatasalEstadodeMxicollamanaciudadanaaejercerelvoto;https://elcomercio.pe//mundo/mexico/elecciones-estado-de-mexico-edomex-y-coahuila-2023-las-candidatas-al-edomex-llaman-a-ciudadania-a-ejercer-el-voto-delfina-gomez-alejandra-del-moral-amlo-mexico-morena-ultimas-noticia/
Video capta el momento exacto en el que son asaltados dos turistas en Medellín;2023_06_04;mundo;2023_06_04-VideocaptaelmomentoexactoenelquesonasaltadosdosturistasenMedelln;https://elcomercio.pe//mundo/latinoamerica/medellin-en-video-quedo-grabado-el-atraco-a-dos-turistas-extranjeros-en-colombia-daniel-quintero-noticia/
Un centenar de rusos detenidos en la jornada mundial por la liberación del opositor Navalny;2023_06_04;mundo;2023_06_04-UncentenarderusosdetenidosenlajornadamundialporlaliberacindelopositorNavalny;https://elcomercio.pe//mundo/europa/alexei-navalny-rusia-un-centenar-de-rusos-detenidos-en-la-jornada-mundial-por-la-liberacion-del-opositor-vladimir-putin-ucrania-siberia-omsk-barnaul-kaliningrado-jabarovsk-ultimas-noticia/
Mi viaje al “lugar más peligroso del mundo”, la ciudad de los sueños de mi madre ;2023_06_04;mundo;2023_06_04-Miviajeallugarmspeligrosodelmundolaciudaddelossueosdemimadre;https://elcomercio.pe//mundo/africa/somalia-mi-viaje-a-mogadiscio-el-lugar-mas-peligrosos-del-mundo-y-la-ciudad-de-los-suenos-de-mi-madre-soraya-ali-narracion-historias-ec-noticia/
Por qué las elecciones en el Estado de México y Coahuila marcan la salida en la carrera por la Presidencia ;2023_06_04;mundo;2023_06_04-PorqulaseleccionesenelEstadodeMxicoyCoahuilamarcanlasalidaenlacarreraporlaPresidencia;https://elcomercio.pe//mundo/mexico/elecciones-estado-de-mexico-edomex-y-coahuila-2023-las-estatales-marcan-la-salida-en-la-carrera-por-la-presidencia-amlo-morena-pri-pan-prd-pt-pvem-ine-mario-delgado-ultimas-noticia/
San Agustín, el amante de los placeres que se convirtió en uno de los más grandes pensadores de la historia;2023_06_04;mundo;2023_06_04-SanAgustnelamantedelosplaceresqueseconvirtienunodelosmsgrandespensadoresdelahistoria;https://elcomercio.pe//mundo/actualidad/san-agustin-el-amante-de-los-placeres-que-se-convirtio-en-uno-de-los-mas-grandes-pensadores-de-la-historia-narracion-historias-ec-noticia/
Uganda cifra en 54 sus soldados muertos en un ataque yihadista en Somalia;2023_06_04;mundo;2023_06_04-Ugandacifraen54sussoldadosmuertosenunataqueyihadistaenSomalia;https://elcomercio.pe//mundo/africa/somalia-uganda-cifra-en-54-sus-soldados-muertos-en-un-ataque-yihadista-yoweri-museveni-atmis-al-shabab-bulo-marer-bajo-shabelle-hassan-sheikh-mohamud-ultimas-noticia/
Nigeria: Mueren ahogados más de 80 yihadistas y sus familias cuando huían del Ejército;2023_06_04;mundo;2023_06_04-NigeriaMuerenahogadosmsde80yihadistasysusfamiliascuandohuandelEjrcito;https://elcomercio.pe//mundo/africa/nigeria-mueren-ahogados-mas-de-80-yihadistas-y-sus-familias-cuando-huian-del-ejercito-borno-iswap-rio-kamadugu-gana-damasak-boko-haram-ultimas-noticia/
¿Qué pasó en el mundo un día como hoy? Efemérides del 4 de junio;2023_06_04;mundo;2023_06_04-QupasenelmundoundacomohoyEfemridesdel4dejunio;https://elcomercio.pe//mundo/actualidad/que-paso-en-el-mundo-un-dia-como-hoy-esta-es-la-efemerides-del-4-de-junio-ultimas-noticia/
El Papa pide orar por las víctimas del accidente ferroviario de la India que dejó más de 250 muertos;2023_06_04;mundo;2023_06_04-ElPapapideorarporlasvctimasdelaccidenteferroviariodelaIndiaquedejmsde250muertos;https://elcomercio.pe//mundo/europa/accidente-de-tren-en-india-papa-francisco-pide-orar-por-las-victimas-del-accidente-ferroviario-en-odisha-que-dejo-mas-de-250-muertos-el-vaticano-ucrania-santa-sede-ultimas-noticia/
Elecciones Estado de México y Coahuila 2023: La “mini república” que podría definir la presidencia;2023_06_04;mundo;2023_06_04-EleccionesEstadodeMxicoyCoahuila2023Laminirepblicaquepodradefinirlapresidencia;https://elcomercio.pe//mundo/mexico/elecciones-estado-de-mexico-edomex-y-coahuila-2023-la-mini-republica-que-podria-definir-la-presidencia-amlo-ine-delfina-gomez-alejandra-del-moral-morena-pri-ultimas-noticia/
Elecciones Estado de México y Coahuila 2023: más de 15 millones de mexicanos están llamados a votar en comicios claves;2023_06_04;mundo;2023_06_04-EleccionesEstadodeMxicoyCoahuila2023msde15millonesdemexicanosestnllamadosavotarencomiciosclaves;https://elcomercio.pe//mundo/mexico/elecciones-estado-de-mexico-edomex-y-coahuila-2023-mas-de-15-millones-de-mexicanos-estan-llamados-a-votar-en-dos-elecciones-estatales-ine-amlo-alejandra-del-moral-delfina-gomez-ultimas-noticia/
El extraño fenómeno de las orcas que embisten naves inquieta en Europa;2023_06_04;mundo;2023_06_04-ElextraofenmenodelasorcasqueembistennavesinquietaenEuropa;https://elcomercio.pe//mundo/actualidad/orcas-embisten-naves-inquieta-en-europa-estrecho-de-gibraltar-gladis-la-orca-vengativa-la-pandilla-de-gladis-noticia/
La salvaje ultramaratón sin reglas ni espectadores por el Valle de la Muerte en EE.UU. (que quieren llevar a América Latina);2023_06_04;mundo;2023_06_04-LasalvajeultramaratnsinreglasniespectadoresporelValledelaMuerteenEEUUquequierenllevaraAmricaLatina;https://elcomercio.pe//mundo/eeuu/the-speed-project-la-salvaje-ultramaraton-sin-reglas-ni-espectadores-por-el-valle-de-la-muerte-en-estados-unidos-que-quieren-llevar-a-america-latina-chile-atacama-noticia/
Rusia admite haber disparado contra un taller de ensamblaje de drones en Dnipró, donde murió una niña;2023_06_04;mundo;2023_06_04-RusiaadmitehaberdisparadocontrauntallerdeensamblajededronesenDniprdondemuriunania;https://elcomercio.pe//mundo/europa/guerra-rusia-ucrania-moscu-admite-haber-disparado-contra-un-taller-de-ensamblaje-de-drones-en-dnipro-donde-murio-una-nina-sergui-lysak-igor-konashenkov-vladimir-putin-volodymyr-zelensky-ultimas-noticia/
La estrategia rusa tras el incremento de los ataques con misiles a Kyiv;2023_06_04;mundo;2023_06_04-LaestrategiarusatraselincrementodelosataquesconmisilesaKyiv;https://elcomercio.pe//mundo/europa/guerra-rusia-ucrania-la-estrategia-rusa-tras-el-incremento-de-los-ataques-con-misiles-a-kyiv-vladimir-putin-volodymyr-zelensky-noticia/
12 personas murieron asfixiadas tras el colapso de una mina de oro en la Amazonía venezolana;2023_06_04;mundo;2023_06_04-12personasmurieronasfixiadastraselcolapsodeunaminadeoroenlaAmazonavenezolana;https://elcomercio.pe//mundo/venezuela/el-callao-venezuela-12-personas-murieron-asfixiadas-tras-el-colapso-de-una-mina-de-oro-en-la-amazonia-venezolana-mina-isidora-bolivar-noticia/
“Mi madre estuvo desaparecida, después me pasaron una foto de su cuerpo”: trágico accidente de trenes deja cerca de 300 muertos en India;2023_06_04;mundo;2023_06_04-Mimadreestuvodesaparecidadespusmepasaronunafotodesucuerpotrgicoaccidentedetrenesdejacercade300muertosenIndia;https://elcomercio.pe//mundo/asia/accidente-de-tren-en-india-deja-cerca-de-300-muertos-mi-madre-estuvo-desaparecida-despues-me-pasaron-una-foto-de-su-cuerpo-noticia/
Precio del dólar hoy en Perú: así fue el tipo de cambio este domingo 4 de junio;2023_06_04;economia;2023_06_04-PreciodeldlarhoyenPerasfueeltipodecambioestedomingo4dejunio;https://elcomercio.pe//economia/mercados/precio-del-dolar-hoy-en-peru-del-domingo-4-de-junio-2023-a-cuanto-cerro-el-tipo-de-cambio-de-hoy-tasa-cotizacion-compra-y-venta-segun-bcr-dolares-a-soles-sbs-ocona-lbposting-noticia/
DolarToday hoy, domingo 4 de junio: Revisa el precio y cotización del dólar en Venezuela;2023_06_04;economia;2023_06_04-DolarTodayhoydomingo4dejunioRevisaelprecioycotizacindeldlarenVenezuela;https://elcomercio.pe//economia/mercados/dolartoday-hoy-domingo-4-de-junio-precio-y-cotizacion-del-dolar-en-venezuela-monitor-dolar-compra-y-venta-de-dolares-bcv-bolivares-a-dolares-tdex-noticia/
Camisea anuncia corredor GNL para beneficiar a transportistas de carga del país;2023_06_04;economia;2023_06_04-CamiseaanunciacorredorGNLparabeneficiaratransportistasdecargadelpas;https://elcomercio.pe//economia/peru/camisea-anuncia-corredor-gnl-para-beneficiar-a-transportistas-de-carga-del-pais-video-limagas-natural-pluspetrol-cusco-ultimas-noticia/
Dólar en Perú hoy, domingo 4 de junio: A cuánto se cotiza en las apps gratuitas el tipo de cambio;2023_06_04;economia;2023_06_04-DlarenPerhoydomingo4dejunioAcuntosecotizaenlasappsgratuitaseltipodecambio;https://elcomercio.pe//economia/mercados/dolar-en-peru-hoy-domingo-4-de-junio-a-como-se-cotiza-el-tipo-de-cambio-en-las-apps-gratuitas-soles-a-dolares-tdex-noticia/
Precio del dólar hoy en Perú: Conoce aquí la cotización del tipo de cambio este domingo 4 de junio;2023_06_04;economia;2023_06_04-PreciodeldlarhoyenPerConoceaqulacotizacindeltipodecambioestedomingo4dejunio;https://elcomercio.pe//economia/mercados/precio-del-dolar-hoy-en-peru-revisa-la-cotizacion-del-tipo-de-cambio-este-4-de-junio-bcrp-sunat-ocona-sbs-compra-y-venta-soles-a-dolares-tdex-noticia/
El 49% de los créditos informales tienen tasas de interés de 500% o más: ¿por qué los eligen?;2023_06_04;economia;2023_06_04-El49deloscrditosinformalestienentasasdeintersde500omsporquloseligen;https://elcomercio.pe//economia/ipe-el-49-de-los-creditos-informales-tienen-tasas-de-interes-de-500-o-mas-por-que-los-eligen-prestamo-gota-a-gota-extorsion-mercado-financiero-formal-bancos-en-peru-noticia/
De unicornios a dinosaurios: ¿Las startups tienen miedo de extinguirse?;2023_06_04;economia;2023_06_04-DeunicorniosadinosauriosLasstartupstienenmiedodeextinguirse;https://elcomercio.pe//economia/opinion/de-unicornios-a-dinosaurios-las-startups-tienen-miedo-de-extinguirse-por-mateu-batle-opinion-noticia/
Win Sports, Nacional vs. Águilas Doradas en vivo hoy: dónde ver cuadrangular de la Liga BetPlay;2023_06_04;deporte;2023_06_04-WinSportsNacionalvsguilasDoradasenvivohoydndevercuadrangulardelaLigaBetPlay;https://elcomercio.pe//deporte-total/nacional-vs-aguilas-doradas-en-vivo-online-hoy-via-win-sports-futbol-libre-tv-horarios-canales-de-transmision-y-donde-ver-el-partido-gratis-pronostico-apuestas-video-noticia/
Venezuela vs. Costa Rica sub 23: horarios, canales de transmisión y dónde verlo;2023_06_04;deporte;2023_06_04-VenezuelavsCostaRicasub23horarioscanalesdetransmisinydndeverlo;https://elcomercio.pe//deporte-total/seleccion/venezuela-vs-costa-rica-sub-23-en-vivo-ver-partido-hoy-online-gratis-via-futbol-libre-espn-star-plus-a-que-hora-en-que-canal-tv-y-como-seguir-por-torneo-maurice-revello-esperanzas-de-toulon-video-noticia/
¿A qué hora juegan Alianza Lima vs. Atlético Mineiro y en qué canal verlo por Copa Libertadores?;2023_06_04;deporte;2023_06_04-AquhorajueganAlianzaLimavsAtlticoMineiroyenqucanalverloporCopaLibertadores;https://elcomercio.pe//deporte-total/futbol-peruano/a-que-hora-juega-alianza-lima-vs-atletico-mineiro-hoy-en-que-canal-y-donde-ver-el-partido-por-copa-libertadores-2023-video-noticia/
América vs. Pachuca en vivo Liga MX Femenil 2023: horarios y canales de la final femenina;2023_06_04;deporte;2023_06_04-AmricavsPachucaenvivoLigaMXFemenil2023horariosycanalesdelafinalfemenina;https://elcomercio.pe//deporte-total/mexico/america-vs-pachuca-femenil-en-vivo-hoy-via-fox-sports-tudn-tv-azteca-y-canal-5-por-liga-mx-femenil-2023-a-que-hora-cuando-juegan-canales-de-transmision-donde-ver-partido-por-la-final-del-futbol-mexicano-femenino-apuestas-pronostico-video-noticia/
FOX SPORTS en vivo | Sigue, León - Los Angeles por final de la Champions League de Concacaf;2023_06_04;deporte;2023_06_04-FOXSPORTSenvivoSigueLenLosAngelesporfinaldelaChampionsLeaguedeConcacaf;https://elcomercio.pe//deporte-total/mexico/fox-sports-en-vivo-online-leon-los-angeles-gratis-via-futbol-libre-tv-por-final-de-liga-de-campeones-concacaf-donde-ver-los-angeles-leon-univision-tudn-por-concachampions-video-mx-usa-noticia/
A lo Roberto Carlos: el golazo de Hulk cerca a la media cancha previo partido ante Alianza Lima | VIDEO;2023_06_04;deporte;2023_06_04-AloRobertoCarloselgolazodeHulkcercaalamediacanchapreviopartidoanteAlianzaLimaVIDEO;https://elcomercio.pe//deporte-total/futbol-mundial/a-lo-roberto-carlos-hulk-anota-golazo-de-tiro-libre-cerca-a-la-media-cancha-previo-partido-ante-alianza-lima-por-copa-libertadores-video-noticia/
Heat vs. Nuggets en vivo – ver Juego 2 por finales de la NBA en directo;2023_06_04;deporte;2023_06_04-HeatvsNuggetsenvivoverJuego2porfinalesdelaNBAendirecto;https://elcomercio.pe//deporte-total/heat-vs-nuggets-en-vivo-juego-2-finales-nba-tv-online-pepsi-center-nnda-nnrt-noticia/
“Lo de Varillas es diez veces más grande que la clasificación de Perú al Mundial de Rusia”;2023_06_04;deporte;2023_06_04-LodeVarillasesdiezvecesmsgrandequelaclasificacindePeralMundialdeRusia;https://elcomercio.pe//deporte-total/tenis/jaime-yzaga-sobre-juan-pablo-varillas-lo-de-juanpi-es-diez-veces-mas-grande-que-la-clasificacion-de-la-seleccion-peruana-al-mundial-de-rusia-novak-djokovic-roland-garros-2023-noticia/
“La convocatoria de Reynoso es el reconocimiento de que el famoso recambio generacional ya fue”;2023_06_04;deporte;2023_06_04-LaconvocatoriadeReynosoeselreconocimientodequeelfamosorecambiogeneracionalyafue;https://elcomercio.pe//deporte-total/seleccion/seleccion-peruana-la-convocatoria-de-juan-reynoso-es-el-reconocimiento-de-que-el-famoso-recambio-generacional-ya-fue-paolo-guerrero-gianluca-lapadula-noticia/
Tabla de posiciones de la Liga 1 EN VIVO - fecha 18: horario y resultados de los partidos de hoy;2023_06_04;deporte;2023_06_04-TabladeposicionesdelaLiga1ENVIVOfecha18horarioyresultadosdelospartidosdehoy;https://elcomercio.pe//deporte-total/futbol-peruano/tabla-de-posiciones-liga-1-en-vivo-resultados-alianza-lima-vs-adt-universitario-vs-cusco-partidos-hoy-programacion-fecha-18-como-va-tabla-acumulada-vivo-apertura-2023-sporting-cristal-futbol-peruano-lbposting-noticia/
Checo Pérez facilita la vida a Red Bull para priorizar a Verstappen | ANÁLISIS;2023_06_04;deporte;2023_06_04-ChecoPrezfacilitalavidaaRedBullparapriorizaraVerstappenANLISIS;https://elcomercio.pe//deporte-total/polideportivo/gp-de-espana-checo-perez-facilita-la-vida-a-red-bull-para-priorizar-a-max-verstappen-formula-1-noticia/
Nuggets vs. Heat: ¿Por qué es tan especial y particular esta serie en las finales de la NBA?;2023_06_04;deporte;2023_06_04-NuggetsvsHeatPorquestanespecialyparticularestaserieenlasfinalesdelaNBA;https://elcomercio.pe//deporte-total/polideportivo/nuggets-vs-heat-por-que-es-tan-especial-y-particular-esta-serie-en-las-finales-de-la-nba-nikola-jokic-jimmy-butler-noticia/
Lionel Messi y su sentida publicación a Neymar: “Volvimos a disfrutar de jugar juntos”;2023_06_04;deporte;2023_06_04-LionelMessiysusentidapublicacinaNeymarVolvimosadisfrutardejugarjuntos;https://elcomercio.pe//deporte-total/futbol-mundial/lionel-messi-y-su-emotiva-respuesta-a-neymar-volvimos-a-disfrutar-de-jugar-juntos-video-noticia/
ESPN en vivo – ver, Heat vs. Nuggets por NBA TV y Streaming;2023_06_04;deporte;2023_06_04-ESPNenvivoverHeatvsNuggetsporNBATVyStreaming;https://elcomercio.pe//deporte-total/usa/espn-heat-vs-nuggets-en-vivo-como-ver-nba-en-tv-y-online-nnda-nnrt-noticia/
Uruguay a semifinales del Mundial Sub 20: derrotó 2-0 a Estados Unidos | VIDEO;2023_06_04;deporte;2023_06_04-UruguayasemifinalesdelMundialSub20derrot20aEstadosUnidosVIDEO;https://elcomercio.pe//deporte-total/futbol-mundial/futbol-libre-tv-directv-sports-en-vivo-uruguay-estados-unidos-sub-20-online-gratis-por-cuartos-de-final-del-mundial-sub-20-donde-ver-uruguay-vs-usa-por-celular-via-tyc-sports-por-celular-video-noticia/
USA 0-2 Uruguay U-20: resumen del partido por el Mundial Sub 20;2023_06_04;deporte;2023_06_04-USA02UruguayU20resumendelpartidoporelMundialSub20;https://elcomercio.pe//deporte-total/usa/usa-uruguay-sub-20-online-via-directv-sports-fox-sports-telemundo-hora-y-donde-ver-live-streaming-por-mundial-sub-20-team-usa-uruguay-hoy-video-noticia/
Ricardo Gareca habría renunciado como DT de Vélez;2023_06_04;deporte;2023_06_04-RicardoGarecahabrarenunciadocomoDTdeVlez;https://elcomercio.pe//deporte-total/argentina/ricardo-gareca-renuncia-velez-el-director-tecnico-habria-dejado-su-cargo-a-disposicion-noticia/
Celta de Vigo, de Renato Tapia, venció a Barcelona y mantiene la categoría en LaLiga | VIDEO;2023_06_04;deporte;2023_06_04-CeltadeVigodeRenatoTapiavenciaBarcelonaymantienelacategoraenLaLigaVIDEO;https://elcomercio.pe//deporte-total/espana/barcelona-vs-celta-en-vivo-hoy-por-laliga-santander-a-que-hora-juegan-canal-tv-transmision-y-como-seguir-partido-de-hoy-con-renato-tapia-via-star-plus-espn-y-dazn-video-noticia/
¡Corea del Sur a semifinales! Venció 1-0 a Nigeria en tiempo extra por el Mundial Sub 20 | VIDEO;2023_06_04;deporte;2023_06_04-CoreadelSurasemifinalesVenci10aNigeriaentiempoextraporelMundialSub20VIDEO;https://elcomercio.pe//deporte-total/corea-del-sur-vs-nigeria-sub-20-en-vivo-hoy-via-directv-sports-tyc-sports-futbol-libre-hora-canal-y-donde-ver-transmision-de-los-cuartos-de-final-del-mundial-sub-20-gratis-apuestas-video-noticia/
La huella de Varillas en Roland Garros: 18 sets para la mejor semana de su carrera | CRÓNICA;2023_06_04;deporte;2023_06_04-LahuelladeVarillasenRolandGarros18setsparalamejorsemanadesucarreraCRNICA;https://elcomercio.pe//deporte-total/polideportivo/juan-pablo-varillas-y-su-huella-en-roland-garros-18-sets-para-la-mejor-semana-de-su-carrera-novak-djokovic-tenis-peruano-noticia/
Resumen Real Madrid vs. Athletic Club por LaLiga | VIDEO;2023_06_04;deporte;2023_06_04-ResumenRealMadridvsAthleticClubporLaLigaVIDEO;https://elcomercio.pe//deporte-total/espana/real-madrid-vs-athletic-en-vivo-ver-online-gratis-via-directv-sports-movistar-futbol-libre-a-que-hora-juega-en-que-canal-tv-como-seguir-partido-hoy-live-streaming-por-laliga-video-noticia/
La conmovedora despedida de Neymar a Messi: “Hermano, no salió como pensábamos, pero intentamos de todo”;2023_06_04;deporte;2023_06_04-LaconmovedoradespedidadeNeymaraMessiHermanonosalicomopensbamosperointentamosdetodo;https://elcomercio.pe//deporte-total/argentina/la-conmovedora-despedida-de-neymar-a-messi-del-psg-hermano-no-salio-como-pensabamos-pero-intentamos-de-todo-video-noticia/
Partidos de hoy en vivo, 4 de junio: programación, canales y dónde ver fútbol online;2023_06_04;deporte;2023_06_04-Partidosdehoyenvivo4dejunioprogramacincanalesydndeverftbolonline;https://elcomercio.pe//deporte-total/futbol-mundial/partidos-de-hoy-en-vivo-domingo-4-de-junio-programacion-y-donde-ver-futbol-online-a-que-hora-juegan-y-en-que-canales-tv-ver-en-directo-real-madrid-vs-athletic-bilbao-barcelona-vs-celta-corea-vs-nigeria-uruguay-vs-estados-unidos-nacional-vs-rionegro-leon-vs-los-angeles-video-noticia/
Apuestas en vivo hoy, 4 de junio: pronósticos, cuotas y cómo apostar online;2023_06_04;deporte;2023_06_04-Apuestasenvivohoy4dejuniopronsticoscuotasycmoapostaronline;https://elcomercio.pe//deporte-total/futbol-mundial/apuestas-en-vivo-hoy-4-de-junio-pronosticos-cuotas-probabilidades-quienes-son-los-favoritos-en-directo-como-apostar-en-futbol-y-cuanto-pagan-las-casas-de-apuestas-deportivas-para-los-partidos-de-hoy-video-noticia/
Nuggets - Heat HOY EN VIVO, NBA: hora, TV gratis y cómo ver el Game 2;2023_06_04;deporte;2023_06_04-NuggetsHeatHOYENVIVONBAhoraTVgratisycmoverelGame2;https://elcomercio.pe//deporte-total/usa/denver-nuggets-miami-heat-game-2-online-por-nba-via-star-plus-espn-tnt-horarios-canal-y-donde-ver-la-transmision-del-juego-2-de-la-final-via-nba-pass-video-noticia/
Por FOX Sports Premium, Max Verstappen ganó el GP España;2023_06_04;deporte;2023_06_04-PorFOXSportsPremiumMaxVerstappenganelGPEspaa;https://elcomercio.pe//deporte-total/automovilismo/gp-espana-2023-en-vivo-formula-uno-f1-en-directo-fox-sports-premium-a-que-hora-empieza-donde-como-ver-carrera-fernando-alonso-carlos-sainz-nnda-nnrt-noticia/
¿Qué canal transmitió el GP España por TV y streaming?;2023_06_04;deporte;2023_06_04-QucanaltransmitielGPEspaaporTVystreaming;https://elcomercio.pe//deporte-total/automovilismo/que-canal-transmite-gp-espana-2023-en-vivo-formula-uno-en-directo-television-link-streaming-app-movil-horarios-nnda-nnrt-noticia/
El provocador gesto de Djokovic tras ganar punto a Varillas | VIDEO;2023_06_04;deporte;2023_06_04-ElprovocadorgestodeDjokovictrasganarpuntoaVarillasVIDEO;https://elcomercio.pe//deporte-total/polideportivo/el-gesto-de-djokovic-tras-ganar-punto-a-varillas-en-roland-garros-video-noticia/
Mbappé se rinde ante Lionel Messi en su último partido juntos en el PSG: “Siete Balones de Oro, aquí está” | VIDEO;2023_06_04;deporte;2023_06_04-MbappserindeanteLionelMessiensultimopartidojuntosenelPSGSieteBalonesdeOroaquestVIDEO;https://elcomercio.pe//deporte-total/argentina/video-viral-mbappe-se-rinde-ante-lionel-messi-en-su-ultimo-partido-juntos-siete-balones-de-oro-aqui-esta-psg-ligue-1-noticia/
Resumen Gran Premio de España 2023 | VIDEO;2023_06_04;deporte;2023_06_04-ResumenGranPremiodeEspaa2023VIDEO;https://elcomercio.pe//deporte-total/espana/f1-en-vivo-gp-de-espana-2023-en-directo-hoy-via-dazn-fox-sports-espn-star-plus-a-que-hora-inicia-y-donde-ver-online-carrera-de-formula-1-checo-perez-video-noticia/
¿Por qué Renato Tapia y André Carrillo no fueron convocados a la selección peruana?;2023_06_04;deporte;2023_06_04-PorquRenatoTapiayAndrCarrillonofueronconvocadosalaseleccinperuana;https://elcomercio.pe//deporte-total/seleccion/por-que-renato-tapia-y-andre-carrillo-no-fueron-convocados-a-la-seleccion-peruana-reynoso-peru-vs-corea-del-sur-peru-vs-japon-video-noticia/
Qué canal transmitió el GP de España 2023 ;2023_06_04;deporte;2023_06_04-QucanaltransmitielGPdeEspaa2023;https://elcomercio.pe//deporte-total/espana/a-que-hora-empieza-el-gp-de-espana-2023-y-en-que-canal-ver-transmision-de-la-carrera-de-formula-1-f1-dazn-fox-sports-espn-fox-sports-donde-ver-gratis-video-usa-es-mx-noticia/
Aplausos de pie: la ovación de despedida para Juan Pablo Varillas en Roland Garros | VIDEO;2023_06_04;deporte;2023_06_04-AplausosdepielaovacindedespedidaparaJuanPabloVarillasenRolandGarrosVIDEO;https://elcomercio.pe//deporte-total/tenis/juan-pablo-varillas-se-fue-entre-aplausos-de-roland-garros-tras-derrota-ante-djokovic-video-noticia/
Varillas cayó ante Djokovic y finaliza su destacada participación en Roland Garros;2023_06_04;deporte;2023_06_04-VarillascayanteDjokovicyfinalizasudestacadaparticipacinenRolandGarros;https://elcomercio.pe//deporte-total/polideportivo/varillas-vs-djokovic-en-vivo-hoy-por-cuarta-ronda-roland-garros-2023-horario-canal-tv-transmision-como-seguir-partido-live-streaming-y-minuto-a-minuto-del-abierto-de-francia-via-espn-y-star-plus-djokovic-vs-varillas-resultado-video-lbposting-noticia/
Resumen Varillas - Djokovic por Roland Garros;2023_06_04;deporte;2023_06_04-ResumenVarillasDjokovicporRolandGarros;https://elcomercio.pe//deporte-total/polideportivo/espn-en-vivo-varillas-djokovic-online-gratis-por-octavos-de-final-de-roland-garros-2023-donde-ver-partido-de-juan-pablo-varillas-novack-djokovic-en-directo-por-celular-via-star-plus-link-de-transmision-video-noticia/
Qué canal transmitió Varillas vs. Djokovic;2023_06_04;deporte;2023_06_04-QucanaltransmitiVarillasvsDjokovic;https://elcomercio.pe//deporte-total/tenis/varillas-vs-djokovic-dia-fecha-hora-y-canal-para-ver-la-cuarta-ronda-del-roland-garros-2023-noticia/
Lucciana Pérez también gana en Roland Garros: debutó con victoria en el cuadro Junior femenino;2023_06_04;deporte;2023_06_04-LuccianaPreztambinganaenRolandGarrosdebutconvictoriaenelcuadroJuniorfemenino;https://elcomercio.pe//deporte-total/polideportivo/lucciana-perez-debuto-con-victoria-en-primera-ronda-de-roland-garros-junior-femenino-tenis-peruano-noticia/
Juan Pablo Varillas y el desafío más importante con la historia: enfrentar a Djokovic en Roland Garros ;2023_06_04;deporte;2023_06_04-JuanPabloVarillasyeldesafomsimportanteconlahistoriaenfrentaraDjokovicenRolandGarros;https://elcomercio.pe//deporte-total/tenis/juan-pablo-varillas-y-el-desafio-mas-importante-con-la-historia-enfrentar-a-novak-djokovic-en-roland-garros-2023-ronda-16-abierto-de-francia-noticia/
“Un apego a la nostalgia” y “debe saber que no es titular”: el análisis sobre el regreso de Paolo Guerrero a la selección;2023_06_04;deporte;2023_06_04-UnapegoalanostalgiaydebesaberquenoestitularelanlisissobreelregresodePaoloGuerreroalaseleccin;https://elcomercio.pe//deporte-total/seleccion/paolo-guerrero-vuelve-a-la-seleccion-peruana-un-apego-a-la-nostalgia-y-debe-saber-que-no-es-titular-el-analisis-sobre-el-regreso-del-depredador-a-la-bicolor-peru-vs-japon-peru-vs-corea-del-sur-noticia/
Benzema deja Real Madrid después de 14 años;2023_06_04;deporte;2023_06_04-BenzemadejaRealMadriddespusde14aos;https://elcomercio.pe//deporte-total/espana/benzema-deja-real-madrid-anuncio-oficial-de-la-salida-del-frances-video-laliga-noticia/
Diablo IV: fecha de lanzamiento, características, requisitos y precio del esperado juego;2023_06_04;tech;2023_06_04-DiabloIVfechadelanzamientocaractersticasrequisitosypreciodelesperadojuego;https://elcomercio.pe//tecnologia/videojuegos/diablo-iv-fecha-de-lanzamiento-caracteristicas-requisitos-precio-trailers-fotos-del-esperado-juego-noticia/
Meta: empleados que trabajan en el metaverso no les gusta usar los cascos Meta Quest;2023_06_04;tech;2023_06_04-MetaempleadosquetrabajanenelmetaversonolesgustausarloscascosMetaQuest;https://elcomercio.pe//tecnologia/actualidad/meta-empleados-que-trabajan-en-el-metaverso-no-les-gusta-usar-los-cascos-meta-quest-rv-realidad-virtual-usa-noticia/
¿No puedes usar ChatGPT? Las cuatro mejores alternativas al chatbot de OpenAI;2023_06_04;tech;2023_06_04-NopuedesusarChatGPTLascuatromejoresalternativasalchatbotdeOpenAI;https://elcomercio.pe//tecnologia/actualidad/chatgpt-las-cuatro-mejores-alternativas-al-chatbot-de-openai-chatsonic-perplexity-ai-youchat-jasper-chat-inteligencia-artificial-ia-espana-mexico-colombia-noticia/
Canciones generadas con inteligencia artificial: ¿una amenaza para la industria musical?;2023_06_04;tech;2023_06_04-Cancionesgeneradasconinteligenciaartificialunaamenazaparalaindustriamusical;https://elcomercio.pe//tecnologia/inteligencia-artificial/canciones-generadas-con-inteligencia-artificial-una-amenaza-para-la-industria-musical-artistas-cantantes-ia-sellos-discograficos-produccion-composicion-noticia/
Asus ROG Strix SCAR 18 (2023): el último monstruo gamer de la marca al nivel de una PC | Review;2023_06_04;tech;2023_06_04-AsusROGStrixSCAR182023elltimomonstruogamerdelamarcaalniveldeunaPCReview;https://elcomercio.pe//tecnologia/gadgets/asus-rog-strix-scar-18-2023-el-ultimo-monstruo-gamer-de-la-marca-al-nivel-de-una-pc-review-laptop-gamer-videojuegos-noticia/
Street Fighter 6: así se ven los trajes clásicos en el videojuego con Ryu, Ken y Chun-Li;2023_06_04;tech;2023_06_04-StreetFighter6assevenlostrajesclsicosenelvideojuegoconRyuKenyChunLi;https://elcomercio.pe//tecnologia/videojuegos/street-fighter-6-asi-se-ven-los-trajes-clasicos-en-el-videojuego-con-ryu-ken-y-chun-li-capcom-noticia/
Por qué no debes cargar tu celular con la funda puesta;2023_06_04;tech;2023_06_04-Porqunodebescargartucelularconlafundapuesta;https://elcomercio.pe//tecnologia/moviles/esta-es-la-razon-por-la-que-no-debes-cargar-tu-celular-con-la-funda-puesta-celulares-smartphones-mexico-espana-estados-unidos-noticia/
Así se verían los personajes de Dragon Ball Z en la vida real, según una IA | FOTOS;2023_06_04;tech;2023_06_04-AsseveranlospersonajesdeDragonBallZenlavidarealsegnunaIAFOTOS;https://elcomercio.pe//tecnologia/inteligencia-artificial/asi-se-verian-los-personajes-de-dragon-ball-z-en-la-vida-real-segun-una-ia-fotos-midjourney-inteligencia-artificial-noticia/
Cortana, la asistente virtual de Microsoft, dejará de existir y será reemplazada por una IA;2023_06_04;tech;2023_06_04-CortanalaasistentevirtualdeMicrosoftdejardeexistiryserreemplazadaporunaIA;https://elcomercio.pe//tecnologia/inteligencia-artificial/cortana-la-asistente-virtual-de-microsoft-dejara-de-existir-y-sera-reemplazada-por-una-ia-espana-mexico-usa-noticia/
Desde Taylor Swift y Harry Styles hasta Johnny Depp y Winona Ryder: así lucirían los hijos de las celebridades, según una IA;2023_06_04;tech;2023_06_04-DesdeTaylorSwiftyHarryStyleshastaJohnnyDeppyWinonaRyderasluciranloshijosdelascelebridadessegnunaIA;https://elcomercio.pe//tecnologia/inteligencia-artificial/desde-taylor-swift-y-harry-styles-hasta-johnny-depp-y-winona-ryder-asi-se-verian-los-hijos-de-las-celebridades-segun-una-ia-midjourney-espana-mexico-usa-noticia/
Apple añade un nuevo MacBook a su lista de productos obsoletos;2023_06_04;tech;2023_06_04-AppleaadeunnuevoMacBookasulistadeproductosobsoletos;https://elcomercio.pe//tecnologia/gadgets/apple-anade-un-nuevo-macbook-a-su-lista-de-productos-obsoletos-noticia/
Zelda TOTK en la vida real: un youtuber construyó el planeador de Link ¿Puede volar? | VIDEO;2023_06_04;tech;2023_06_04-ZeldaTOTKenlavidarealunyoutuberconstruyelplaneadordeLinkPuedevolarVIDEO;https://elcomercio.pe//tecnologia/videojuegos/zelda-totk-en-la-vida-real-un-youtuber-construyo-el-planeador-de-link-puede-volar-video-the-legend-of-zelda-tears-of-the-kingdom-usa-youtube-viral-noticia/
No tiene límites: ingeniero ucraniano fabrica bicicleta con ruedas triangulares [Video];2023_06_04;tech;2023_06_04-NotienelmitesingenieroucranianofabricabicicletaconruedastriangularesVideo;https://elcomercio.pe//tecnologia/inventos/no-tiene-limites-ingeniero-ucraniano-fabrica-bicicleta-con-ruedas-triangulares-video-sergii-gordieiev-the-q-youtube-viral-noticia/
Caballeros del Zodiaco: así se serían Seiya, Ikki y Atenea si fuesen humanos reales, según un artista;2023_06_04;tech;2023_06_04-CaballerosdelZodiacoasseseranSeiyaIkkiyAteneasifuesenhumanosrealessegnunartista;https://elcomercio.pe//tecnologia/inteligencia-artificial/caballeros-del-zodiaco-asi-se-serian-seiya-atenea-y-shiryu-si-fuesen-humanos-reales-segun-un-artista-noticia/
Este sería “el cuerpo perfecto” que debe tener un hombre y una mujer, según una IA;2023_06_04;tech;2023_06_04-EsteseraelcuerpoperfectoquedebetenerunhombreyunamujersegnunaIA;https://elcomercio.pe//tecnologia/inteligencia-artificial/este-seria-el-cuerpo-perfecto-que-debe-tener-un-hombre-y-una-mujer-segun-una-ia-midjourney-mexico-espana-estados-unidos-noticia/
Bard, la IA de Google, usará tu ubicación para darte respuestas más precisas;2023_06_04;tech;2023_06_04-BardlaIAdeGoogleusartuubicacinparadarterespuestasmsprecisas;https://elcomercio.pe//tecnologia/inteligencia-artificial/bard-la-ia-de-google-usara-tu-ubicacion-para-darte-respuestas-mas-precisas-estados-unidos-mexico-chatgpt-bing-microsoft-noticia/
Qué es Taringa!: la plataforma que causó furor en los 2000 y ahora resurgió con una nueva app;2023_06_04;tech;2023_06_04-QuesTaringalaplataformaquecausfurorenlos2000yahoraresurgiconunanuevaapp;https://elcomercio.pe//tecnologia/actualidad/que-es-taringa-la-plataforma-que-causo-furor-en-los-2000-y-ahora-resurgio-con-una-nueva-app-paginas-web-mexico-espana-colombia-noticia/
Estas son las impresionantes imágenes del primer escaneo 3D del Titanic;2023_06_04;tech;2023_06_04-Estassonlasimpresionantesimgenesdelprimerescaneo3DdelTitanic;https://elcomercio.pe//tecnologia/actualidad/estas-son-las-impresionantes-imagenes-del-primer-escaneo-3d-del-titanic-espana-mexico-usa-noticia/
Así sería Sailor Moon si fuese un live-action de los años 80, según una IA;2023_06_04;tech;2023_06_04-AsseraSailorMoonsifueseunliveactiondelosaos80segnunaIA;https://elcomercio.pe//tecnologia/inteligencia-artificial/asi-seria-sailor-moon-si-fuese-un-live-action-de-los-anos-80-segun-una-ia-anime-serena-sailor-moon-tuxedo-mask-inteligencia-artificial-youtube-noticia/
Así sonaría “Bohemian Rhapsody” de Queen si la cantaran los Beatles, según una IA | VIDEO;2023_06_04;tech;2023_06_04-AssonaraBohemianRhapsodydeQueensilacantaranlosBeatlessegnunaIAVIDEO;https://elcomercio.pe//tecnologia/inteligencia-artificial/asi-sonaria-bohemian-rhapsody-de-queen-si-la-cantaran-los-beatles-segun-una-ia-video-youtube-viral-inteligencia-artificial-noticia/
Mark Zuckerberg obligará a los empleados de Meta a regresar a las oficinas al menos tres días a la semana;2023_06_04;tech;2023_06_04-MarkZuckerbergobligaralosempleadosdeMetaaregresaralasoficinasalmenostresdasalasemana;https://elcomercio.pe//tecnologia/empresas/mark-zuckerberg-obligara-a-los-empleados-de-meta-a-regresar-a-las-oficinas-al-menos-tres-dias-a-la-semana-facebook-trabajo-remoto-noticia/
¿Tienes un viejo control de Nintendo 64? Este kit te permite volver a usarlo | VIDEO;2023_06_04;tech;2023_06_04-TienesunviejocontroldeNintendo64EstekittepermitevolverausarloVIDEO;https://elcomercio.pe//tecnologia/videojuegos/tienes-un-viejo-control-de-nintendo-64-este-kit-te-permite-volver-a-usarlo-video-android-windows-8bitdo-noticia/
Una mujer le pidió a una inteligencia artificial que controle un día de su vida y este fue el resultado | VIDEO;2023_06_04;tech;2023_06_04-UnamujerlepidiaunainteligenciaartificialquecontroleundadesuvidayestefueelresultadoVIDEO;https://elcomercio.pe//tecnologia/inteligencia-artificial/una-mujer-le-pidio-a-una-inteligencia-artificial-que-controle-un-dia-de-su-vida-y-este-fue-el-resultado-ia-mexico-espana-estados-unidos-noticia/
Ascento: el robot vigilante que puede ayudar (o reemplazar) a guardias de seguridad | VIDEO;2023_06_04;tech;2023_06_04-AscentoelrobotvigilantequepuedeayudaroreemplazaraguardiasdeseguridadVIDEO;https://elcomercio.pe//tecnologia/robotica/ascento-el-robot-vigilante-que-puede-ayudar-o-reemplazar-a-guardias-de-seguridad-video-ia-inteligencia-artificial-suiza-usa-youtube-viral-noticia/
Las afirmaciones falsas y engañosas amplificadas por Elon Musk en Twitter;2023_06_04;tech;2023_06_04-LasafirmacionesfalsasyengaosasamplificadasporElonMuskenTwitter;https://elcomercio.pe//tecnologia/redes-sociales/las-afirmaciones-falsas-y-enganosas-amplificadas-por-elon-musk-en-twitter-mexico-espana-estados-unidos-noticia/
Así serían Pikachu, Bulbasaur y el mundo Pokémon si fuesen un anime de Studio Ghibli, según una IA;2023_06_04;tech;2023_06_04-AsseranPikachuBulbasauryelmundoPokmonsifuesenunanimedeStudioGhiblisegnunaIA;https://elcomercio.pe//tecnologia/inteligencia-artificial/asi-serian-pikachu-bulbasaur-y-el-mundo-pokemon-si-fuesen-un-anime-de-studio-ghibli-segun-una-ia-inteligencia-artificial-imagenes-hayao-miyazaki-noticia/
Google: la contraofensiva de Bard frente a ChatGPT-4 en la carrera por ser el mejor chatbot de inteligencia artificial;2023_06_04;tech;2023_06_04-GooglelacontraofensivadeBardfrenteaChatGPT4enlacarreraporserelmejorchatbotdeinteligenciaartificial;https://elcomercio.pe//tecnologia/inteligencia-artificial/google-la-contraofensiva-de-bard-frente-a-chatgpt-4-en-la-carrera-por-ser-el-mejor-chatbot-de-inteligencia-artificial-bbc-open-ai-ia-chatbot-mexico-espana-estados-unidos-noticia/
Oppo Reno 7 de 256 GB: probamos la nueva versión del celular con cámara microscópica;2023_06_04;tech;2023_06_04-OppoReno7de256GBprobamoslanuevaversindelcelularconcmaramicroscpica;https://elcomercio.pe//tecnologia/moviles/oppo-reno-7-de-256-gb-probamos-la-nueva-version-del-celular-con-camara-microscopica-noticia/
Google ofrece 800 canales de TV, GRATIS: ¿Cómo acceder a ellos?;2023_06_04;tech;2023_06_04-Googleofrece800canalesdeTVGRATISCmoaccederaellos;https://elcomercio.pe//tecnologia/actualidad/google-tv-brinda-800-canales-gratuitos-como-puedes-acceder-a-ellos-streaming-mexico-espana-estados-unidos-noticia/
Por qué las chicas son más vulnerables a la ansiedad que provocan las redes sociales (y cómo los padres pueden ayudarlas);2023_06_04;tech;2023_06_04-Porqulaschicassonmsvulnerablesalaansiedadqueprovocanlasredessocialesycmolospadrespuedenayudarlas;https://elcomercio.pe//tecnologia/redes-sociales/por-que-las-chicas-son-mas-vulnerables-a-la-ansiedad-que-provocan-las-redes-sociales-y-como-los-padres-pueden-ayudarlas-bbc-instagram-facebook-tiktok-noticia/
¿Se cayó tu celular en el agua? Qué hacer (y qué no) cuando se moja tu smartphone;2023_06_04;tech;2023_06_04-SecaytucelularenelaguaQuhaceryqunocuandosemojatusmartphone;https://elcomercio.pe//tecnologia/moviles/se-cayo-tu-celular-en-el-agua-que-hacer-y-que-no-cuando-se-moja-tu-smartphone-consejos-mexico-usa-trucos-que-hacer-si-se-moja-el-celular-reparar-celular-mojado-noticia/
Amazon implementará una IA capaz de detectar si un producto está dañado antes de enviarlo;2023_06_04;tech;2023_06_04-AmazonimplementarunaIAcapazdedetectarsiunproductoestdaadoantesdeenviarlo;https://elcomercio.pe//tecnologia/inteligencia-artificial/amazon-implementara-una-ia-capaz-de-detectar-si-un-producto-esta-danado-antes-de-enviarlo-espana-mexico-usa-noticia/
4 ventajas de usar tu palma de la mano para identificarte en comparación con las huellas dactilares o el reconocimiento facial;2023_06_04;tech;2023_06_04-4ventajasdeusartupalmadelamanoparaidentificarteencomparacinconlashuellasdactilaresoelreconocimientofacial;https://elcomercio.pe//tecnologia/actualidad/4-ventajas-de-usar-tu-palma-de-la-mano-para-identificarte-en-comparacion-con-las-huellas-dactilares-o-el-reconocimiento-facial-bbc-identificacion-biometrica-mexico-espana-estados-unidos-noticia/
Snaptube: los peligros de descargar videos de YouTube y otras plataformas con esta popular aplicación;2023_06_04;tech;2023_06_04-SnaptubelospeligrosdedescargarvideosdeYouTubeyotrasplataformasconestapopularaplicacin;https://elcomercio.pe//tecnologia/ciberseguridad/snaptube-los-peligros-de-descargar-videos-de-youtube-y-otras-plataformas-con-esta-popular-aplicacion-apps-ciberseguridad-noticia/
La evidencia de crímenes de guerra que está desapareciendo de las redes sociales y puede perderse para siempre;2023_06_04;tech;2023_06_04-Laevidenciadecrmenesdeguerraqueestdesapareciendodelasredessocialesypuedeperderseparasiempre;https://elcomercio.pe//tecnologia/redes-sociales/la-evidencia-de-crimenes-de-guerra-que-esta-desapareciendo-de-las-redes-sociales-y-puede-perderse-para-siempre-facebook-instagram-twitter-bbc-noticia/
Motorola Razr 40 Ultra: el smartphone plegable que revive la nostalgia con un toque moderno;2023_06_04;tech;2023_06_04-MotorolaRazr40Ultraelsmartphoneplegablequerevivelanostalgiaconuntoquemoderno;https://elcomercio.pe//tecnologia/moviles/motorola-razr-40-ultra-el-smartphone-plegable-que-revive-la-nostalgia-con-un-toque-moderno-review-smartphones-celulares-telefonos-inteligentes-estados-unidos-mexico-noticia/
Apps de citas: su historia y cómo la inteligencia artificial elige a las personas que nos gustan;2023_06_04;tech;2023_06_04-Appsdecitassuhistoriaycmolainteligenciaartificialeligealaspersonasquenosgustan;https://elcomercio.pe//tecnologia/actualidad/aplicaciones-de-citas-su-historia-y-como-la-inteligencia-artificial-elige-a-las-personas-que-nos-gustan-tinder-omiai-meetic-badoo-happn-bumble-redes-sociales-noticia/
Los 10 celulares más potentes del mundo, según el ránking AnTuTu;2023_06_04;tech;2023_06_04-Los10celularesmspotentesdelmundosegnelrnkingAnTuTu;https://elcomercio.pe//tecnologia/moviles/mejores-celulares-mayo-2023-red-magic-8-pro-telefonos-los-10-celulares-mas-potentes-mundo-segun-el-ranking-antutu-mexico-espana-usa-colombia-noticia/
Así se verían los personajes de Los Simpsons en la vida real, según una IA | FOTOS;2023_06_04;tech;2023_06_04-AsseveranlospersonajesdeLosSimpsonsenlavidarealsegnunaIAFOTOS;https://elcomercio.pe//tecnologia/inteligencia-artificial/asi-se-verian-los-personajes-de-los-simpsons-en-la-vida-real-segun-una-ia-fotos-inteligencia-artificial-midjourney-noticia/
